userId,result
1,"[1, 457, 1923, 589, 1307, 1721, 541, 3897, 924, 1387]"
2,"[2959, 356, 7153, 49272, 70286, 4878, 4993, 1198, 1291, 54286]"
3,"[296, 1198, 2571, 2028, 593, 1732, 1196, 260, 4993, 858]"
4,"[858, 750, 1198, 1247, 7153, 1213, 1258, 1214, 1193, 480]"
5,"[296, 161, 592, 288, 165, 356, 480, 293, 339, 208]"
6,"[539, 587, 434, 648, 39, 420, 1, 256, 204, 442]"
7,"[1291, 1198, 2716, 4886, 364, 2571, 2115, 1580, 2791, 586]"
8,"[356, 34, 588, 300, 260, 1196, 589, 339, 1, 165]"
9,"[260, 1291, 1, 2959, 1196, 1197, 589, 1200, 1210, 2716]"
10,"[8360, 293, 78499, 364, 4963, 260, 4306, 4886, 63082, 79132]"
11,"[296, 597, 539, 592, 590, 527, 553, 34, 500, 454]"
12,"[1380, 1580, 4963, 919, 2683, 2502, 1777, 1517, 2706, 260]"
13,"[1210, 2959, 296, 1196, 260, 1270, 1200, 2762, 1653, 527]"
14,"[457, 364, 47, 380, 165, 589, 161, 592, 500, 587]"
15,"[1270, 7153, 1, 296, 1036, 1291, 6539, 3793, 593, 104]"
16,"[1265, 1214, 5952, 1210, 1200, 1270, 318, 1278, 33794, 1291]"
17,"[260, 47, 858, 2115, 2700, 2571, 32, 59315, 2918, 4011]"
18,"[5952, 296, 4896, 318, 597, 1923, 4022, 4878, 2628, 2716]"
19,"[110, 1270, 2571, 296, 1275, 593, 50, 541, 750, 1221]"
20,"[1198, 260, 1270, 592, 296, 924, 1210, 1265, 1291, 541]"
21,"[593, 318, 2028, 3147, 1196, 589, 1210, 1197, 1393, 110]"
22,"[608, 1258, 296, 111, 47, 1206, 2329, 2858, 79132, 50]"
23,"[356, 2959, 1704, 5952, 318, 593, 4993, 260, 1196, 5445]"
24,"[260, 2959, 1291, 1, 2762, 480, 1196, 1210, 1270, 588]"
25,"[79132, 1198, 58559, 1089, 296, 4011, 1210, 2959, 48516, 318]"
26,"[110, 50, 32, 588, 318, 364, 296, 590, 648, 1]"
27,"[1, 318, 1291, 2858, 2571, 6539, 586, 733, 4306, 1036]"
28,"[589, 1270, 3527, 2115, 6365, 1682, 1291, 1374, 4993, 1036]"
29,"[7153, 4993, 5952, 2571, 296, 1682, 260, 1270, 480, 1210]"
30,"[4993, 3793, 8665, 5349, 2959, 296, 2571, 6874, 32587, 34162]"
31,"[480, 457, 500, 593, 1210, 1198, 590, 34, 527, 919]"
32,"[858, 356, 2502, 4226, 111, 1732, 2571, 1210, 2959, 1193]"
33,"[1196, 1258, 904, 1089, 1307, 910, 1097, 1198, 1219, 2797]"
34,"[260, 1198, 1196, 3793, 2502, 1210, 480, 364, 2858, 2918]"
35,"[296, 110, 292, 380, 161, 588, 454, 356, 457, 329]"
36,"[1210, 260, 2571, 1198, 1291, 6, 356, 1196, 480, 858]"
37,"[34, 480, 32, 364, 527, 1, 589, 1196, 648, 110]"
38,"[589, 1, 32, 1197, 1291, 316, 349, 733, 1198, 260]"
39,"[551, 8874, 2291, 597, 1, 2858, 4720, 2918, 2959, 150]"
40,"[593, 50, 589, 1210, 608, 480, 527, 32, 10, 2571]"
41,"[296, 7153, 1193, 4993, 48516, 58559, 858, 364, 1198, 2762]"
42,"[480, 6, 2858, 608, 2916, 1291, 589, 541, 1221, 1240]"
43,"[527, 110, 595, 2028, 2, 593, 50, 586, 260, 1923]"
44,"[2858, 2959, 296, 5952, 7153, 47, 1196, 3578, 1198, 1617]"
45,"[7153, 296, 318, 527, 2762, 588, 1917, 44191, 7361, 4995]"
46,"[150, 165, 589, 480, 377, 329, 364, 588, 47, 296]"
47,"[4306, 2571, 1210, 2858, 6539, 541, 6874, 3578, 6377, 260]"
48,"[2571, 356, 318, 1270, 4306, 1240, 1210, 1265, 1196, 1200]"
49,"[858, 1265, 2959, 1198, 58559, 4993, 260, 296, 1270, 1]"
50,"[1221, 2858, 47, 1270, 2997, 1265, 2762, 111, 592, 1682]"
51,"[296, 1270, 1198, 1210, 858, 1258, 260, 47, 2571, 1097]"
52,"[3578, 5989, 6539, 4963, 91529, 4993, 6365, 3793, 3147, 5952]"
53,"[296, 260, 2571, 4226, 318, 541, 32587, 2329, 2797, 7438]"
54,"[539, 587, 150, 292, 597, 339, 153, 527, 253, 316]"
55,"[858, 2028, 2571, 356, 1210, 6539, 296, 44191, 260, 1291]"
56,"[588, 150, 153, 356, 595, 1, 780, 377, 380, 339]"
57,"[1214, 1196, 2716, 1387, 1097, 1954, 47, 2194, 1089, 1517]"
58,"[110, 318, 780, 1307, 296, 2762, 11, 316, 858, 1197]"
59,"[923, 908, 912, 1206, 1089, 1136, 1200, 1258, 296, 1079]"
60,"[480, 110, 2571, 6377, 356, 500, 588, 5952, 364, 150]"
61,"[1210, 110, 1270, 2571, 1, 1200, 457, 589, 356, 1036]"
62,"[2959, 58559, 6377, 40819, 1682, 110, 589, 367, 608, 3897]"
63,"[593, 858, 1653, 4034, 3408, 8961, 4370, 44191, 2012, 1197]"
64,"[1198, 593, 58559, 150, 1278, 5952, 1291, 1197, 51255, 608]"
65,"[5952, 48516, 68954, 2329, 296, 858, 4973, 5989, 260, 1221]"
66,"[296, 1219, 1732, 1193, 904, 858, 527, 2692, 924, 1208]"
67,"[1197, 49272, 7361, 81834, 88125, 1, 588, 2571, 260, 112852]"
68,"[356, 318, 364, 1073, 1, 1270, 315, 733, 4896, 474]"
69,"[858, 2959, 3578, 1704, 1136, 2918, 2028, 2858, 1222, 1198]"
70,"[2571, 1682, 588, 2762, 1, 8360, 1517, 5952, 1197, 5989]"
71,"[356, 260, 480, 588, 318, 500, 377, 364, 150, 110]"
72,"[480, 1704, 588, 10, 592, 2959, 4226, 1653, 2918, 5952]"
73,"[356, 2959, 2571, 318, 48516, 858, 296, 1210, 7153, 588]"
74,"[541, 111, 908, 2019, 1198, 904, 924, 1387, 910, 1089]"
75,"[260, 1197, 2791, 593, 2762, 608, 1210, 2918, 457, 2858]"
76,"[1089, 541, 293, 593, 110, 1274, 2028, 4993, 924, 1208]"
77,"[4306, 3793, 8368, 2028, 2959, 7153, 1197, 4963, 1527, 588]"
78,"[110, 4993, 1210, 1527, 4306, 457, 2502, 364, 2028, 2762]"
79,"[608, 296, 1270, 1198, 2571, 4226, 110, 2115, 356, 2959]"
80,"[2959, 260, 1704, 3578, 5952, 356, 4993, 54286, 296, 593]"
81,"[593, 457, 527, 364, 34, 454, 500, 235, 595, 780]"
82,"[2028, 2959, 318, 2858, 296, 1196, 1089, 47, 50, 2916]"
83,"[4226, 1197, 588, 7361, 1196, 2028, 2571, 4896, 5989, 60069]"
84,"[110, 293, 541, 2571, 648, 47, 1089, 2194, 780, 150]"
85,"[1210, 858, 919, 1136, 1198, 318, 595, 50, 593, 1270]"
86,"[1136, 541, 1198, 2571, 608, 750, 1207, 5618, 858, 296]"
87,"[1198, 1210, 1197, 260, 2997, 296, 1270, 2918, 1, 1028]"
88,"[858, 2959, 260, 1196, 2858, 1210, 1198, 1527, 6874, 296]"
89,"[4993, 5952, 7153, 2028, 2571, 318, 1210, 593, 3147, 3578]"
90,"[296, 50, 318, 223, 25, 527, 1210, 1208, 110, 6]"
91,"[593, 2028, 4993, 296, 2700, 1270, 3527, 1732, 4011, 2858]"
92,"[1028, 2959, 1210, 588, 260, 4993, 5952, 1197, 480, 597]"
93,"[2571, 1210, 1682, 858, 2858, 1198, 3578, 5418, 1196, 1246]"
94,"[50, 590, 608, 539, 260, 527, 648, 454, 1270, 1]"
95,"[296, 1198, 2959, 6874, 2858, 1732, 7438, 1214, 3996, 2916]"
96,"[1136, 608, 1196, 1270, 1265, 541, 47, 2959, 1222, 1197]"
97,"[2571, 356, 1196, 2959, 260, 318, 58559, 589, 5418, 7153]"
98,"[296, 5816, 8368, 2959, 6377, 8360, 4896, 7361, 2858, 527]"
99,"[364, 47, 595, 457, 590, 32, 733, 356, 19, 110]"
100,"[480, 597, 780, 457, 318, 150, 595, 588, 260, 2762]"
101,"[1704, 2571, 2959, 593, 47, 260, 1222, 4973, 1214, 2716]"
102,"[1, 2997, 1210, 1307, 260, 2858, 2011, 2762, 608, 1196]"
103,"[2324, 2858, 6539, 32, 47, 44191, 1213, 46578, 4995, 3996]"
104,"[4306, 4993, 5952, 7153, 3578, 318, 2959, 2571, 6377, 69844]"
105,"[7153, 1270, 92259, 54286, 3147, 1732, 4306, 166528, 73017, 1136]"
106,"[2959, 296, 356, 1210, 4306, 260, 1196, 1198, 79132, 527]"
107,"[110, 356, 377, 480, 500, 590, 364, 457, 34, 593]"
108,"[1291, 1265, 356, 296, 1246, 1200, 1225, 1196, 1240, 1307]"
109,"[2502, 1222, 590, 1089, 1210, 858, 2571, 457, 608, 1090]"
110,"[296, 1089, 912, 1270, 2997, 1210, 1206, 592, 1704, 3996]"
111,"[318, 1206, 2028, 1193, 46578, 1258, 3578, 5952, 50, 1259]"
112,"[858, 2959, 1198, 7153, 296, 4226, 260, 1265, 1291, 1136]"
113,"[296, 1704, 608, 923, 1208, 4973, 1089, 1307, 2571, 541]"
114,"[7438, 6874, 7153, 356, 5952, 1196, 79132, 2571, 4993, 6539]"
115,"[1210, 1291, 1197, 1265, 1259, 648, 1, 356, 2115, 2028]"
116,"[480, 356, 1580, 587, 648, 1073, 1210, 2571, 2628, 34]"
117,"[1, 34, 339, 4306, 588, 1270, 6377, 6942, 648, 1210]"
118,"[2571, 858, 47, 1089, 2762, 293, 32, 260, 1136, 1580]"
119,"[2959, 1704, 6874, 2858, 49530, 858, 4022, 7445, 1721, 260]"
120,"[296, 356, 1196, 2571, 110, 2858, 541, 593, 527, 2762]"
121,"[480, 593, 2959, 597, 608, 2329, 1704, 1961, 1210, 231]"
122,"[3996, 1198, 3578, 4226, 1527, 541, 924, 2716, 2858, 4993]"
123,"[356, 68954, 858, 527, 58559, 44191, 480, 8368, 5989, 88125]"
124,"[2571, 858, 2959, 47, 3996, 3578, 4993, 924, 1258, 778]"
125,"[2028, 858, 3578, 4963, 16, 527, 2918, 4262, 2762, 260]"
126,"[10, 527, 780, 553, 337, 440, 454, 736, 587, 168]"
127,"[2858, 1198, 923, 858, 1617, 356, 2997, 1304, 1265, 527]"
128,"[356, 1210, 527, 2571, 1246, 296, 1270, 318, 1097, 457]"
129,"[356, 58559, 5989, 6377, 8961, 1198, 6942, 2716, 3147, 858]"
130,"[356, 480, 589, 367, 10, 1073, 1222, 1210, 1206, 1258]"
131,"[1080, 1198, 1206, 858, 1136, 1265, 1208, 1247, 2997, 3683]"
132,"[597, 608, 377, 2762, 1265, 2692, 4993, 1036, 1136, 1198]"
133,"[457, 597, 587, 1, 595, 2571, 2028, 1197, 367, 364]"
134,"[110, 318, 356, 316, 457, 50, 480, 593, 47, 589]"
135,"[541, 2858, 1136, 1221, 1193, 1089, 1222, 50, 1201, 1208]"
136,"[457, 377, 480, 589, 454, 318, 356, 500, 349, 350]"
137,"[2858, 1089, 1265, 1617, 47, 1080, 924, 1206, 4993, 50]"
138,"[1198, 1704, 260, 2762, 4226, 318, 1265, 2571, 1270, 2858]"
139,"[2571, 5952, 318, 356, 2959, 2028, 296, 858, 7143, 8636]"
140,"[1, 2959, 3793, 1219, 1954, 364, 2762, 44191, 68954, 1197]"
141,"[48774, 49272, 1136, 1246, 57669, 48780, 7361, 50, 1198, 72998]"
142,"[318, 1196, 2858, 1210, 2571, 32, 1089, 1213, 356, 608]"
143,"[260, 3578, 7153, 73017, 4306, 4896, 72998, 4963, 58559, 4993]"
144,"[4034, 318, 1258, 150, 1721, 4306, 2324, 527, 454, 4011]"
145,"[356, 364, 588, 595, 110, 527, 597, 253, 589, 648]"
146,"[2959, 6874, 4993, 1196, 7438, 7153, 4226, 296, 1079, 4306]"
147,"[1210, 260, 1198, 1196, 1291, 47, 457, 10, 1240, 1732]"
148,"[356, 4306, 5989, 318, 59315, 260, 296, 6539, 8961, 73017]"
149,"[2571, 1198, 1265, 1210, 2959, 593, 1196, 858, 2529, 47]"
150,"[260, 1, 32, 1210, 1196, 2571, 1393, 4226, 8636, 480]"
151,"[356, 588, 1682, 2, 589, 318, 2762, 377, 110, 2028]"
152,"[593, 4993, 4226, 750, 1222, 1193, 1258, 4973, 4011, 47]"
153,"[318, 593, 7153, 1222, 4993, 5952, 6874, 541, 2918, 50]"
154,"[58559, 7153, 4993, 1198, 44191, 6874, 2571, 5952, 2959, 50872]"
155,"[1198, 356, 1210, 2571, 4993, 367, 1291, 2028, 1196, 44191]"
156,"[2571, 32, 1258, 593, 924, 2959, 1200, 1214, 2291, 47]"
157,"[2571, 1196, 4993, 1210, 858, 2502, 4226, 8636, 1704, 4306]"
158,"[1196, 2571, 260, 1210, 7361, 1198, 858, 296, 1291, 47]"
159,"[5989, 4306, 260, 4995, 110, 34, 590, 96079, 500, 1035]"
160,"[589, 1136, 1220, 588, 1968, 1291, 1089, 5989, 1197, 1148]"
161,"[2858, 4226, 4993, 1198, 6539, 2959, 296, 2918, 4896, 1]"
162,"[457, 480, 380, 377, 593, 141, 110, 11, 364, 595]"
163,"[858, 2959, 260, 296, 356, 1196, 4993, 1210, 318, 2571]"
164,"[2028, 260, 1610, 318, 457, 2571, 541, 1270, 5952, 924]"
165,"[4993, 260, 1210, 1200, 1580, 2571, 1198, 318, 589, 457]"
166,"[296, 2858, 480, 2762, 2571, 53996, 2959, 4776, 58559, 110]"
167,"[367, 648, 1517, 2700, 2997, 457, 1240, 377, 589, 2683]"
168,"[1198, 904, 50, 1079, 1136, 457, 260, 1080, 1387, 1197]"
169,"[916, 296, 553, 590, 110, 3578, 1028, 780, 914, 2324]"
170,"[592, 357, 527, 589, 39, 367, 17, 380, 316, 329]"
171,"[4993, 2959, 356, 50, 296, 7153, 1704, 5952, 2571, 2858]"
172,"[296, 2028, 2858, 356, 2291, 260, 480, 2571, 110, 1222]"
173,"[377, 457, 590, 318, 364, 593, 539, 380, 1, 34]"
174,"[110, 356, 377, 500, 367, 208, 95, 185, 293, 163]"
175,"[1198, 924, 1136, 1079, 1265, 1073, 1278, 2997, 1210, 1288]"
176,"[364, 595, 34, 153, 480, 282, 1, 434, 292, 339]"
177,"[1200, 4306, 260, 2028, 1270, 1240, 1610, 541, 3147, 5989]"
178,"[1210, 260, 2571, 858, 6874, 3578, 1196, 589, 1200, 48516]"
179,"[595, 508, 588, 160, 539, 10, 597, 186, 237, 432]"
180,"[912, 318, 7153, 4306, 5952, 296, 2078, 2858, 527, 904]"
181,"[150, 736, 595, 592, 292, 364, 329, 208, 589, 648]"
182,"[5952, 33794, 3996, 551, 6377, 1258, 48394, 58559, 3578, 910]"
183,"[1210, 1240, 260, 2571, 1, 1198, 1291, 527, 1259, 1270]"
184,"[260, 1210, 4993, 5952, 1270, 480, 58559, 1196, 1198, 296]"
185,"[1036, 1265, 2571, 6539, 1527, 1196, 7153, 1210, 593, 44191]"
186,"[356, 318, 593, 6377, 110, 150, 260, 1682, 4886, 457]"
187,"[858, 1198, 2762, 908, 904, 1247, 1259, 1219, 1208, 527]"
188,"[318, 608, 457, 1198, 1, 912, 1270, 1387, 500, 50]"
190,"[296, 5952, 7153, 1265, 356, 1, 4027, 593, 1196, 1210]"
191,"[527, 356, 593, 592, 457, 350, 590, 509, 32, 1210]"
192,"[457, 165, 377, 434, 318, 500, 185, 329, 161, 364]"
193,"[750, 4993, 1258, 1089, 541, 924, 1214, 1247, 1225, 3996]"
194,"[296, 1193, 1387, 110, 1196, 260, 608, 1213, 1214, 2571]"
195,"[858, 356, 593, 1198, 110, 1265, 1214, 457, 1036, 1200]"
196,"[260, 6539, 2959, 49272, 858, 356, 4993, 1198, 318, 1196]"
197,"[1198, 2762, 1196, 1291, 260, 1210, 1, 1200, 1214, 1265]"
198,"[356, 1193, 7153, 1, 10, 1036, 6874, 527, 858, 5418]"
199,"[296, 1193, 1200, 2028, 1210, 1240, 480, 1291, 110, 1222]"
200,"[318, 527, 2762, 2716, 1270, 44191, 48516, 457, 858, 1193]"
201,"[356, 1270, 1214, 2571, 4993, 2797, 1265, 480, 1291, 457]"
202,"[1079, 1240, 47, 1732, 1270, 1258, 593, 904, 1036, 1923]"
203,"[1704, 2959, 356, 6539, 1214, 3147, 48516, 6377, 1291, 293]"
204,"[912, 7438, 1210, 1682, 4027, 4993, 1704, 4226, 260, 1247]"
205,"[2959, 296, 1196, 5952, 1198, 4993, 6539, 858, 1197, 4973]"
206,"[17, 296, 593, 1210, 110, 356, 318, 457, 1208, 260]"
207,"[2571, 296, 1210, 1240, 1089, 1214, 2174, 2959, 3578, 1097]"
208,"[2959, 296, 3996, 2858, 4993, 260, 480, 1196, 858, 1200]"
209,"[1210, 6874, 296, 58559, 4306, 589, 1196, 858, 1240, 47]"
210,"[356, 1196, 1136, 3052, 3578, 2028, 2959, 3793, 4963, 1197]"
211,"[296, 527, 6874, 592, 48516, 7438, 44191, 3275, 8360, 1]"
212,"[356, 5989, 4878, 134853, 2959, 5618, 40815, 6934, 56174, 79702]"
213,"[2571, 1270, 47, 1527, 4226, 2762, 356, 589, 50, 318]"
214,"[260, 1210, 150, 858, 47, 1610, 1196, 1214, 356, 2959]"
215,"[1136, 1210, 2959, 480, 8368, 2571, 2502, 110, 8360, 441]"
216,"[541, 260, 1196, 858, 1210, 593, 1208, 1214, 2959, 2571]"
217,"[1270, 356, 597, 11, 1307, 2797, 1393, 2028, 296, 586]"
218,"[593, 2959, 296, 608, 1, 919, 858, 2858, 2683, 318]"
219,"[2959, 296, 2571, 1200, 1193, 1136, 4226, 750, 1732, 924]"
220,"[1, 593, 480, 2762, 4993, 1101, 1610, 592, 5618, 110]"
221,"[593, 1221, 924, 1219, 260, 1213, 2076, 4993, 47, 4878]"
222,"[1198, 7153, 1210, 58559, 260, 2918, 4878, 1291, 3535, 16]"
223,"[4993, 356, 1196, 3052, 3147, 4963, 1580, 2918, 1291, 588]"
224,"[2571, 7153, 595, 4306, 110, 6377, 2762, 50, 318, 4226]"
225,"[260, 296, 1210, 356, 1213, 47, 1036, 1517, 2918, 1240]"
226,"[1196, 44191, 32587, 858, 7438, 1221, 1617, 1682, 3033, 6283]"
227,"[50, 2571, 1198, 293, 3578, 1270, 4993, 1291, 608, 4027]"
228,"[296, 1210, 2959, 1198, 1089, 1200, 2028, 4993, 356, 2762]"
229,"[551, 1, 32, 292, 780, 595, 161, 497, 588, 47]"
230,"[296, 858, 2571, 1291, 2858, 1923, 293, 2028, 480, 4226]"
231,"[50, 2028, 4306, 318, 1089, 356, 608, 2716, 5418, 2571]"
232,"[318, 110, 1704, 2858, 593, 4011, 1196, 293, 47, 4306]"
233,"[4226, 1198, 3578, 527, 592, 48516, 1221, 1210, 5349, 1704]"
234,"[296, 527, 593, 110, 457, 32, 260, 47, 2028, 589]"
235,"[457, 589, 165, 260, 733, 6, 608, 588, 47, 50]"
236,"[2571, 1265, 1200, 1198, 4226, 1208, 1196, 1206, 1954, 296]"
237,"[858, 593, 2959, 5952, 1258, 7438, 6874, 1206, 1221, 4993]"
238,"[2571, 47, 2762, 2858, 1206, 2700, 3753, 356, 527, 1089]"
239,"[1196, 50, 4027, 5952, 4993, 3948, 33679, 1682, 2916, 7438]"
240,"[318, 595, 47, 597, 593, 380, 648, 780, 161, 2028]"
241,"[1089, 6874, 111, 608, 1200, 79132, 750, 1258, 2959, 356]"
242,"[356, 592, 589, 1198, 1196, 1210, 1291, 1200, 2959, 1259]"
243,"[110, 344, 208, 329, 356, 150, 364, 292, 253, 590]"
244,"[296, 2571, 260, 1200, 1210, 858, 1265, 50, 1213, 527]"
245,"[260, 50, 356, 1, 1196, 1198, 608, 1136, 2858, 318]"
246,"[1291, 1210, 2028, 3578, 110, 377, 4306, 5349, 3793, 1923]"
247,"[1089, 593, 98809, 47, 4011, 71535, 1527, 1210, 1732, 79091]"
248,"[5952, 4993, 8368, 1198, 4886, 318, 4896, 8665, 356, 5816]"
249,"[47, 50, 4878, 5445, 165, 231, 1197, 4022, 780, 8641]"
250,"[1200, 1196, 1208, 1210, 1214, 1270, 1090, 1968, 541, 1240]"
251,"[858, 260, 1196, 1210, 1036, 1200, 110, 589, 1732, 2858]"
252,"[54286, 260, 6539, 356, 58559, 1270, 858, 1198, 3793, 4896]"
253,"[2571, 296, 4226, 750, 1198, 2959, 356, 1208, 32, 1089]"
254,"[3147, 4011, 1732, 608, 1527, 541, 2997, 1704, 2542, 2683]"
255,"[4963, 1527, 6874, 1036, 46578, 4993, 296, 1198, 2987, 8360]"
256,"[356, 2959, 2028, 6539, 4993, 8368, 296, 858, 1036, 8961]"
257,"[296, 2959, 1198, 2858, 260, 356, 1196, 2571, 1221, 1]"
258,"[5952, 4993, 2959, 3578, 7153, 44191, 858, 4878, 4973, 7361]"
259,"[356, 2858, 480, 318, 2959, 47, 260, 296, 1265, 541]"
260,"[2571, 58559, 79132, 110, 2858, 2028, 318, 356, 2502, 4993]"
261,"[4226, 608, 4993, 4973, 110, 527, 2028, 2959, 8874, 1258]"
262,"[356, 150, 1196, 592, 1198, 1210, 480, 1073, 1246, 1136]"
263,"[1270, 780, 2762, 48516, 590, 1210, 260, 356, 1198, 1961]"
264,"[1270, 318, 5418, 592, 4306, 588, 593, 589, 594, 1079]"
265,"[457, 595, 1291, 356, 110, 380, 1197, 349, 541, 1136]"
266,"[858, 293, 2716, 47, 2858, 1221, 750, 3996, 2762, 6874]"
267,"[1291, 318, 1214, 364, 1097, 527, 1265, 588, 457, 1073]"
268,"[541, 1136, 1197, 1079, 1089, 1265, 32, 111, 1198, 2959]"
269,"[356, 260, 318, 377, 1210, 380, 480, 353, 296, 364]"
270,"[260, 296, 1210, 1291, 593, 110, 1270, 318, 1234, 7153]"
271,"[2571, 296, 1210, 1240, 1, 589, 648, 1291, 1580, 1676]"
272,"[356, 260, 2571, 1270, 1198, 6539, 2858, 4306, 2028, 1291]"
273,"[1265, 260, 318, 356, 1136, 2571, 3996, 2028, 2700, 2858]"
274,"[480, 3996, 5952, 3793, 4886, 1617, 7438, 4975, 6377, 8360]"
275,"[2571, 1196, 1258, 527, 1210, 1036, 6711, 50, 2997, 6874]"
276,"[1240, 589, 10, 1198, 165, 1265, 2683, 588, 1356, 500]"
277,"[608, 1210, 296, 648, 457, 1196, 1198, 589, 590, 593]"
278,"[1222, 541, 1, 1210, 296, 1208, 1270, 356, 1097, 260]"
279,"[2571, 1196, 47, 1580, 296, 1527, 3114, 1097, 260, 150]"
280,"[527, 2028, 296, 1210, 2291, 356, 260, 72998, 593, 2571]"
281,"[2959, 4993, 1198, 7153, 1210, 5349, 5952, 1291, 296, 1196]"
282,"[3793, 364, 1291, 1198, 2011, 33794, 6365, 7153, 1036, 1527]"
283,"[296, 1270, 1036, 260, 2571, 1198, 1291, 2028, 480, 1196]"
284,"[733, 592, 47, 6, 364, 593, 10, 161, 608, 150]"
285,"[923, 908, 527, 1221, 1617, 541, 750, 1208, 1263, 912]"
286,"[2858, 1196, 318, 1210, 5952, 1, 589, 260, 541, 480]"
287,"[296, 4226, 1704, 2858, 2571, 1198, 32, 1200, 6874, 541]"
288,"[527, 858, 1089, 7153, 2716, 32, 588, 1704, 1517, 50]"
289,"[2571, 296, 2858, 2762, 1704, 3996, 1089, 1196, 4226, 2997]"
290,"[260, 2571, 4226, 1197, 32, 858, 1210, 356, 1200, 1208]"
291,"[356, 79132, 68954, 5816, 588, 88125, 1197, 2571, 8368, 2959]"
292,"[1291, 1210, 1265, 1527, 1584, 480, 1214, 4226, 648, 296]"
293,"[2959, 1196, 4993, 47, 1210, 2571, 1198, 2762, 4226, 4306]"
294,"[589, 2571, 318, 1200, 32, 1210, 924, 750, 780, 1240]"
295,"[2858, 2959, 356, 2571, 750, 1222, 2997, 1208, 4262, 1682]"
296,"[4993, 5952, 4226, 58559, 1291, 79132, 6874, 1196, 1, 1258]"
297,"[2571, 2858, 1221, 260, 858, 1210, 356, 1198, 2997, 1]"
298,"[1210, 480, 2571, 3578, 5952, 50, 1270, 457, 541, 733]"
299,"[1210, 7153, 2987, 1270, 2918, 260, 858, 356, 1, 780]"
300,"[7153, 296, 4993, 4306, 608, 5952, 1198, 6539, 8874, 4963]"
301,"[318, 858, 1210, 2959, 1198, 527, 1291, 608, 4878, 1136]"
302,"[593, 318, 527, 260, 592, 1210, 2762, 2858, 733, 356]"
303,"[1291, 1198, 1265, 1197, 356, 47, 318, 316, 32, 858]"
304,"[1198, 1356, 593, 608, 2529, 2115, 10, 2011, 2985, 3471]"
305,"[2959, 318, 2329, 48516, 260, 1208, 2324, 608, 4886, 296]"
306,"[356, 7153, 4993, 91529, 79132, 48516, 2762, 1198, 1, 81845]"
307,"[364, 1274, 1214, 1240, 2028, 741, 1200, 3994, 1265, 1527]"
308,"[58559, 1265, 3147, 1210, 3793, 1270, 4306, 78499, 2916, 593]"
309,"[1210, 260, 1196, 6874, 858, 2858, 2997, 5349, 6377, 608]"
310,"[1208, 260, 356, 593, 1210, 1221, 1247, 480, 858, 1214]"
311,"[858, 318, 593, 2858, 5952, 47, 2028, 2571, 50, 1210]"
312,"[1270, 1527, 1197, 2791, 1, 1265, 1610, 1200, 296, 1228]"
313,"[356, 1206, 589, 7438, 1961, 778, 1079, 1089, 4027, 2997]"
314,"[296, 589, 736, 1198, 50, 339, 1291, 265, 1270, 541]"
315,"[296, 2858, 1198, 1089, 858, 2918, 2987, 1394, 1580, 50]"
316,"[2959, 296, 318, 2762, 356, 1196, 4995, 6539, 2028, 858]"
317,"[541, 296, 593, 260, 1198, 1196, 924, 1210, 4993, 2916]"
318,"[2959, 858, 1198, 1258, 2858, 3578, 1291, 150, 50, 1247]"
319,"[260, 296, 1, 1210, 50, 1198, 589, 1214, 1270, 2959]"
320,"[58559, 260, 2571, 356, 69122, 1198, 1270, 60069, 1036, 4306]"
321,"[480, 527, 150, 296, 318, 110, 329, 349, 590, 47]"
322,"[589, 1198, 1210, 260, 1291, 1196, 1200, 2959, 1270, 68157]"
323,"[364, 593, 592, 588, 595, 780, 597, 539, 3578, 590]"
324,"[318, 1193, 3996, 1198, 296, 1136, 2858, 4034, 111, 541]"
325,"[2858, 1089, 1222, 912, 1265, 2571, 1214, 2762, 1206, 1252]"
326,"[7361, 2959, 33794, 4226, 1704, 58559, 4973, 4878, 56367, 1682]"
327,"[356, 1036, 260, 2502, 2706, 47, 1196, 2858, 1089, 2683]"
328,"[6377, 2571, 2329, 6874, 593, 3578, 1580, 40815, 780, 587]"
329,"[1198, 608, 296, 2571, 541, 260, 356, 913, 589, 1136]"
330,"[2571, 4973, 48394, 48780, 527, 1036, 1729, 2692, 69122, 110]"
331,"[2571, 1291, 1198, 4011, 4262, 527, 2028, 1210, 2329, 4226]"
332,"[589, 2858, 260, 2762, 1610, 924, 1193, 357, 1136, 457]"
333,"[2858, 1198, 3793, 588, 1196, 1210, 260, 47, 50, 377]"
334,"[588, 5816, 4886, 8368, 500, 595, 2028, 5952, 6539, 3751]"
335,"[260, 1198, 1240, 1270, 1036, 1291, 4226, 588, 1210, 32]"
336,"[593, 1527, 3578, 1580, 2858, 1214, 1291, 4993, 589, 1961]"
337,"[457, 110, 592, 480, 377, 380, 165, 2571, 858, 11]"
338,"[4878, 1197, 1210, 7361, 260, 8360, 2858, 1, 1291, 48516]"
339,"[2571, 6874, 4226, 260, 2329, 7438, 1210, 50, 1089, 293]"
340,"[733, 2571, 260, 2762, 296, 1097, 1198, 1214, 1387, 6874]"
341,"[260, 1197, 2959, 58559, 296, 69122, 858, 1196, 1210, 4027]"
342,"[260, 1196, 1210, 296, 1197, 1704, 2571, 1213, 1682, 2918]"
343,"[356, 4011, 1089, 4306, 47, 4993, 110, 58559, 2028, 2959]"
344,"[1198, 1580, 1240, 1196, 165, 1527, 2011, 588, 858, 2115]"
345,"[2571, 50, 1258, 3897, 296, 2797, 318, 1097, 1196, 1198]"
346,"[2028, 260, 1089, 593, 1208, 356, 2571, 4226, 1206, 6539]"
347,"[457, 296, 185, 349, 260, 1265, 454, 161, 593, 357]"
348,"[2571, 1200, 1258, 1214, 1732, 356, 1210, 47, 750, 1222]"
349,"[457, 110, 165, 316, 47, 380, 21, 223, 260, 1198]"
350,"[780, 2762, 457, 1036, 589, 110, 50, 6333, 593, 1240]"
351,"[260, 1270, 1210, 2028, 608, 1196, 1198, 3052, 1136, 318]"
352,"[858, 2329, 1196, 593, 293, 2858, 527, 2762, 1210, 589]"
353,"[356, 589, 1732, 260, 858, 50, 1196, 367, 1240, 377]"
354,"[6539, 608, 6377, 4226, 1136, 7153, 3751, 4896, 4886, 8636]"
355,"[356, 260, 318, 1136, 2115, 296, 541, 2571, 1210, 1097]"
356,"[4306, 7153, 260, 296, 364, 588, 150, 527, 6874, 480]"
357,"[4993, 2571, 6539, 6863, 5952, 4226, 2692, 4306, 608, 8641]"
358,"[527, 2959, 356, 4995, 2571, 1196, 1210, 5952, 44191, 1291]"
359,"[2028, 3147, 2762, 318, 2571, 919, 1136, 1214, 2329, 457]"
360,"[260, 1214, 1089, 1196, 1387, 2571, 1079, 1136, 541, 1221]"
361,"[2571, 480, 3793, 7153, 110, 4306, 648, 1036, 3578, 165]"
362,"[296, 1210, 1291, 2959, 1200, 1214, 1198, 923, 2762, 3949]"
363,"[4226, 2858, 2571, 1265, 1089, 356, 50, 1222, 2997, 1136]"
364,"[318, 653, 377, 104, 150, 457, 500, 1393, 47, 1198]"
365,"[2571, 1210, 2028, 47, 2959, 2858, 35836, 780, 1136, 588]"
366,"[2571, 5952, 356, 4011, 3147, 54286, 260, 593, 1198, 1206]"
367,"[588, 597, 1035, 2858, 480, 595, 296, 1210, 2028, 2571]"
368,"[318, 1265, 3578, 2959, 1136, 1197, 541, 1704, 1517, 1101]"
369,"[260, 1210, 608, 1198, 356, 1291, 48516, 2028, 296, 527]"
370,"[1196, 1210, 2028, 49272, 5349, 8874, 1, 3578, 1200, 48516]"
371,"[296, 541, 2858, 2959, 5445, 1210, 356, 2762, 223, 527]"
372,"[2571, 2762, 1265, 3793, 1258, 2028, 2918, 2797, 1732, 648]"
373,"[318, 1246, 47, 1291, 110, 2115, 2571, 2762, 1097, 608]"
374,"[318, 47, 377, 589, 1210, 733, 6, 292, 10, 260]"
375,"[2858, 858, 1732, 2571, 2028, 1210, 1036, 1265, 47, 1136]"
376,"[318, 648, 364, 377, 296, 597, 500, 3793, 367, 457]"
377,"[2959, 1265, 858, 260, 2571, 1196, 296, 47, 541, 1197]"
378,"[1210, 1198, 1196, 1291, 33794, 110, 589, 480, 1270, 260]"
379,"[349, 593, 11, 474, 316, 588, 266, 95, 648, 293]"
380,"[6874, 1682, 6539, 2502, 48516, 32587, 7438, 457, 1704, 541]"
381,"[356, 527, 296, 2571, 3578, 1580, 858, 2028, 6874, 4226]"
382,"[1291, 1079, 1206, 7438, 1954, 1208, 1270, 1196, 1200, 1193]"
383,"[1, 1704, 1221, 6377, 1198, 919, 1136, 260, 2716, 480]"
384,"[1196, 260, 1210, 1240, 1, 50, 1527, 2028, 2502, 1089]"
385,"[1265, 1200, 1732, 110, 260, 1580, 2571, 1240, 2115, 1089]"
386,"[527, 356, 47, 50, 551, 1196, 185, 5952, 364, 4993]"
387,"[608, 1196, 750, 527, 50, 1198, 1036, 1584, 1617, 2028]"
388,"[260, 1196, 1198, 7361, 1210, 33794, 4963, 1527, 1291, 7153]"
389,"[1073, 480, 356, 318, 364, 377, 95, 457, 329, 592]"
390,"[1196, 296, 541, 2959, 7153, 5349, 318, 4993, 5445, 6874]"
391,"[1387, 1265, 318, 2762, 912, 1136, 2529, 1198, 1252, 1278]"
392,"[1196, 1214, 541, 1240, 2571, 260, 2762, 1210, 1923, 1089]"
393,"[318, 296, 260, 4226, 356, 40815, 1307, 1704, 150, 1210]"
394,"[318, 593, 296, 364, 161, 349, 165, 457, 527, 253]"
395,"[480, 150, 457, 736, 377, 380, 595, 292, 1210, 153]"
396,"[260, 296, 1196, 593, 1258, 1210, 356, 924, 2571, 527]"
397,"[296, 1206, 4226, 1208, 2997, 858, 1193, 1221, 541, 1079]"
398,"[608, 356, 4993, 296, 2959, 858, 1196, 2571, 1246, 2858]"
399,"[1193, 318, 2329, 3147, 47, 4973, 364, 8368, 4027, 4226]"
400,"[2571, 1089, 2858, 1214, 858, 1208, 6874, 110, 1270, 1732]"
401,"[593, 1291, 296, 1198, 2959, 260, 73017, 2791, 480, 1210]"
402,"[110, 595, 1, 364, 356, 367, 592, 34, 318, 2571]"
403,"[2959, 1222, 608, 858, 1208, 4011, 2858, 2115, 1732, 6874]"
404,"[356, 1, 150, 344, 380, 589, 153, 592, 253, 317]"
405,"[356, 47, 318, 608, 260, 593, 1196, 58559, 1270, 1090]"
406,"[858, 1210, 296, 480, 588, 595, 2174, 2617, 1580, 597]"
407,"[7153, 296, 7438, 6874, 7361, 8961, 1196, 1089, 110, 1206]"
408,"[318, 356, 2959, 1, 68954, 8368, 4963, 588, 63082, 8665]"
409,"[1214, 904, 750, 1198, 527, 541, 608, 1200, 2858, 1240]"
410,"[858, 608, 1136, 1247, 7153, 1, 356, 1198, 50, 1221]"
411,"[1198, 780, 377, 1210, 260, 608, 1036, 1387, 150, 1196]"
412,"[527, 260, 1210, 750, 1204, 1208, 1387, 1198, 111, 912]"
413,"[2571, 110, 1, 356, 1036, 919, 7153, 480, 2762, 1580]"
414,"[2762, 1201, 1230, 2028, 2791, 356, 923, 33493, 2683, 8368]"
415,"[2028, 924, 296, 1, 1136, 1214, 1682, 6874, 1089, 1265]"
416,"[296, 1222, 858, 1089, 1208, 593, 1193, 7361, 2028, 5952]"
417,"[2762, 7361, 47, 858, 1196, 1214, 590, 1200, 1210, 260]"
418,"[1196, 1193, 6874, 1210, 2571, 2329, 1222, 1258, 2762, 541]"
419,"[1580, 541, 1270, 7153, 1198, 1214, 1265, 1136, 79132, 608]"
420,"[50, 260, 1196, 6377, 79132, 608, 5618, 593, 4226, 49272]"
421,"[858, 1089, 4226, 1221, 5989, 589, 2571, 2959, 1222, 2997]"
422,"[1196, 1198, 2571, 1097, 356, 1210, 2762, 593, 1036, 1270]"
423,"[1196, 1210, 1270, 2762, 1036, 47, 1291, 2959, 1265, 592]"
424,"[356, 3578, 480, 1580, 780, 1080, 33794, 4027, 2115, 1036]"
425,"[7153, 2542, 6365, 1527, 6502, 53996, 1732, 51662, 34048, 1208]"
426,"[597, 260, 8961, 1265, 4963, 2571, 6539, 1, 1270, 50872]"
427,"[2959, 296, 7361, 1291, 1206, 2571, 5989, 47, 608, 1200]"
428,"[858, 1732, 4878, 608, 1221, 4226, 47, 32, 4993, 1527]"
429,"[236, 318, 110, 454, 457, 153, 356, 253, 539, 587]"
430,"[2571, 1198, 1278, 4973, 260, 527, 1136, 1214, 1291, 1610]"
431,"[1210, 1527, 858, 589, 1136, 1704, 110, 2571, 260, 1198]"
432,"[1270, 4878, 2716, 6934, 1291, 5502, 5618, 5816, 8665, 47099]"
433,"[356, 858, 2571, 7438, 4995, 4993, 5952, 924, 2028, 2858]"
434,"[1089, 589, 1198, 1220, 1968, 50, 903, 1079, 1097, 1784]"
435,"[260, 1210, 1196, 1198, 4306, 1222, 4993, 58559, 2997, 296]"
436,"[480, 110, 592, 47, 296, 32, 329, 2959, 590, 357]"
437,"[1387, 296, 1136, 1193, 1196, 1079, 1214, 1097, 457, 527]"
438,"[1198, 1291, 2115, 47, 608, 1387, 2716, 2791, 1213, 296]"
439,"[2959, 858, 2762, 4226, 1196, 1, 1036, 296, 3578, 593]"
440,"[1198, 457, 5952, 593, 260, 1270, 608, 1097, 1291, 296]"
441,"[2700, 1704, 1210, 356, 6874, 1136, 1732, 3793, 1923, 2502]"
442,"[2329, 2858, 296, 318, 527, 2959, 1704, 50, 858, 7361]"
443,"[4878, 4993, 47, 3578, 50, 5418, 1219, 858, 1198, 1682]"
444,"[32, 2571, 25, 590, 457, 1, 1610, 223, 1089, 2858]"
445,"[858, 1221, 1214, 2858, 1206, 296, 2502, 1210, 1196, 4226]"
446,"[110, 318, 1196, 1197, 1291, 161, 1213, 541, 1210, 1387]"
447,"[34, 1221, 50, 1, 260, 2858, 608, 1213, 7153, 3996]"
448,"[1732, 1265, 79132, 3578, 1, 33794, 1222, 1247, 1527, 318]"
449,"[2571, 110, 47, 1258, 1259, 589, 1196, 1200, 593, 1089]"
450,"[1198, 2762, 904, 1617, 1265, 1291, 1240, 1, 356, 541]"
451,"[1198, 1197, 318, 1136, 260, 1196, 296, 50, 592, 223]"
452,"[318, 593, 296, 1923, 586, 1208, 6874, 1090, 1213, 1961]"
453,"[2571, 1200, 296, 480, 3527, 293, 1198, 1291, 367, 1097]"
454,"[2762, 50, 2959, 356, 1704, 47, 2571, 778, 1214, 1222]"
455,"[1196, 1210, 1259, 296, 1073, 608, 1213, 1198, 1258, 150]"
456,"[6, 1356, 1210, 494, 95, 145, 457, 1580, 805, 112]"
457,"[1198, 551, 296, 1210, 1265, 1291, 1732, 1193, 858, 1]"
458,"[590, 593, 47, 253, 11, 34, 1, 597, 539, 317]"
459,"[40815, 5952, 60069, 6539, 4993, 356, 2959, 1196, 44191, 1198]"
460,"[58559, 2571, 54286, 6874, 3793, 48394, 5349, 1198, 2858, 4011]"
461,"[1265, 1136, 6377, 1270, 1196, 595, 608, 919, 1, 592]"
462,"[296, 1193, 2858, 1136, 1265, 318, 1252, 913, 903, 4226]"
463,"[1240, 2571, 2959, 318, 260, 858, 293, 1196, 1200, 1214]"
464,"[1198, 527, 4226, 1214, 3147, 1270, 1291, 33794, 1206, 1]"
465,"[858, 1221, 2858, 296, 924, 1, 1193, 923, 2997, 1222]"
466,"[54001, 69844, 1210, 33794, 72998, 2716, 112852, 296, 1265, 7361]"
467,"[924, 1, 1193, 912, 457, 858, 541, 750, 296, 904]"
468,"[457, 318, 364, 153, 593, 377, 356, 34, 480, 589]"
469,"[1208, 296, 1197, 356, 778, 1291, 608, 2396, 2797, 2918]"
470,"[110, 593, 733, 780, 648, 442, 474, 293, 368, 260]"
471,"[7153, 318, 7361, 1210, 4993, 91529, 4995, 5989, 33794, 260]"
472,"[356, 1198, 593, 1196, 260, 1197, 2329, 1210, 1265, 2918]"
473,"[296, 3897, 4226, 1704, 1732, 2858, 44191, 1527, 1, 5349]"
474,"[1240, 1136, 594, 1962, 1721, 58559, 924, 79132, 2948, 596]"
475,"[356, 7153, 3578, 8961, 47, 7438, 2028, 4993, 589, 1617]"
476,"[110, 457, 480, 296, 919, 1291, 1097, 1387, 1200, 1923]"
477,"[2329, 608, 4886, 2858, 2959, 3147, 141, 1732, 3, 1136]"
478,"[50, 1968, 1704, 1198, 1210, 2762, 2028, 2291, 592, 1197]"
479,"[1197, 2571, 296, 593, 919, 318, 1200, 2716, 924, 1196]"
480,"[1198, 50, 1265, 58559, 2716, 68954, 924, 2858, 1201, 318]"
481,"[1196, 589, 1210, 457, 110, 480, 527, 1198, 2028, 296]"
482,"[1196, 260, 1210, 2571, 3793, 5952, 589, 1291, 2115, 5349]"
483,"[1136, 1089, 7153, 32, 7361, 1500, 593, 2115, 4878, 1288]"
484,"[260, 1210, 1198, 3793, 527, 1136, 1196, 2716, 919, 1291]"
485,"[377, 364, 589, 595, 593, 296, 47, 367, 318, 225]"
486,"[527, 587, 590, 260, 380, 296, 1610, 539, 34, 440]"
487,"[527, 2028, 3578, 2762, 5995, 4022, 47, 1704, 2329, 3996]"
488,"[296, 2571, 4226, 2959, 3578, 356, 44191, 4306, 2028, 6874]"
489,"[858, 2858, 7438, 2959, 3793, 356, 1213, 50, 4886, 293]"
490,"[608, 1270, 858, 4995, 8874, 6377, 1198, 2858, 55820, 1220]"
491,"[8368, 2571, 68954, 41566, 1210, 5952, 260, 858, 5618, 7153]"
492,"[1, 788, 50, 17, 318, 356, 16, 296, 590, 2762]"
493,"[356, 2628, 480, 1270, 2700, 1527, 1265, 1580, 858, 2683]"
494,"[260, 32, 858, 2571, 1270, 2028, 1240, 1527, 1291, 318]"
495,"[260, 1196, 7153, 1210, 1198, 1213, 1197, 2502, 2987, 58559]"
496,"[6874, 4963, 1198, 1210, 4993, 6377, 33794, 1270, 1291, 608]"
497,"[318, 356, 6874, 541, 52973, 46578, 296, 7438, 68157, 4878]"
498,"[457, 377, 39, 10, 597, 587, 589, 225, 11, 350]"
499,"[1210, 858, 1198, 2762, 2571, 4993, 296, 593, 2959, 356]"
500,"[2571, 1210, 1196, 1073, 2762, 858, 2683, 589, 1089, 1198]"
501,"[733, 648, 786, 104, 32, 457, 480, 802, 1073, 7]"
502,"[1196, 593, 2791, 1198, 1210, 2571, 1265, 2987, 1240, 2762]"
503,"[296, 1210, 356, 541, 260, 608, 4993, 1617, 32, 7153]"
504,"[318, 1270, 541, 2858, 2959, 912, 1704, 2571, 4226, 1089]"
505,"[1196, 858, 1210, 1198, 50, 260, 1136, 1200, 4993, 1214]"
506,"[1210, 1196, 2571, 3578, 1198, 2959, 4878, 1270, 2716, 296]"
507,"[364, 500, 318, 539, 588, 587, 292, 597, 780, 110]"
508,"[356, 1210, 318, 1198, 296, 2571, 58559, 2716, 7153, 34]"
509,"[1210, 364, 2959, 356, 1270, 260, 480, 4226, 1291, 1200]"
510,"[260, 589, 1089, 1617, 47, 2571, 1210, 1240, 4226, 2858]"
511,"[58559, 5952, 7153, 59315, 318, 260, 1196, 4226, 296, 1214]"
512,"[592, 231, 527, 648, 553, 367, 780, 223, 208, 21]"
513,"[1196, 50, 1270, 1265, 2571, 1291, 2028, 1089, 356, 904]"
514,"[50, 1148, 1221, 589, 527, 1356, 110, 1022, 858, 2858]"
515,"[1198, 1210, 68954, 4993, 296, 5952, 7153, 33794, 1, 2571]"
516,"[1196, 1197, 2571, 1, 480, 2762, 1200, 1291, 1387, 2396]"
517,"[1196, 1198, 260, 6539, 5349, 3114, 33493, 3793, 2011, 58559]"
518,"[2571, 1704, 356, 1196, 1270, 1136, 2987, 2997, 858, 1210]"
519,"[35836, 2959, 2028, 2571, 593, 1210, 858, 6874, 5418, 8665]"
520,"[2571, 1196, 1210, 260, 58559, 296, 593, 480, 2959, 3578]"
521,"[6, 349, 318, 356, 480, 380, 589, 494, 165, 457]"
522,"[4226, 47, 48516, 2987, 6874, 1089, 1073, 4896, 1206, 4973]"
523,"[4993, 7153, 2571, 1270, 6539, 6365, 260, 1580, 2329, 296]"
524,"[2571, 1, 3471, 1265, 750, 2762, 2985, 3671, 1079, 1527]"
525,"[296, 32, 858, 1208, 2762, 541, 924, 593, 4886, 1682]"
526,"[4993, 2571, 5952, 6874, 63082, 1089, 1682, 3578, 44191, 527]"
527,"[260, 1, 2762, 47, 1968, 3994, 1240, 1291, 1704, 1580]"
528,"[2959, 2028, 318, 4993, 1210, 4022, 260, 858, 5952, 79132]"
529,"[260, 6, 589, 1210, 36, 1356, 762, 653, 110, 380]"
530,"[296, 185, 589, 110, 588, 10, 1097, 595, 1, 165]"
531,"[1210, 260, 589, 858, 1196, 1221, 1270, 457, 1200, 1214]"
532,"[1196, 356, 260, 1079, 1197, 1387, 1206, 47, 296, 1200]"
533,"[1196, 296, 3578, 858, 260, 1210, 593, 1198, 4993, 2762]"
534,"[5618, 1, 318, 595, 1240, 49272, 296, 377, 48394, 750]"
535,"[1210, 260, 3578, 1196, 50, 2959, 2628, 110, 1089, 1222]"
536,"[318, 380, 364, 588, 296, 316, 165, 587, 367, 339]"
537,"[2959, 5952, 293, 2571, 4993, 356, 4011, 3578, 1089, 4973]"
538,"[6874, 296, 1270, 32587, 4993, 2959, 1198, 4963, 1210, 2571]"
539,"[2571, 356, 1198, 58559, 260, 296, 1196, 1270, 1, 588]"
540,"[260, 1291, 6874, 33794, 1198, 7361, 1, 51662, 1527, 110]"
541,"[480, 150, 318, 292, 165, 329, 527, 474, 32, 377]"
542,"[260, 1196, 1210, 4226, 1270, 5952, 2028, 3578, 593, 589]"
543,"[2571, 110, 7153, 1240, 4306, 318, 1198, 8961, 47, 1097]"
544,"[780, 733, 260, 1073, 494, 1210, 786, 1, 104, 805]"
545,"[260, 2571, 1, 1196, 356, 2115, 318, 858, 1036, 2762]"
546,"[260, 1196, 2571, 1210, 356, 858, 344, 1200, 1240, 1198]"
548,"[7153, 1210, 4993, 5952, 2959, 5418, 2028, 7361, 2762, 8874]"
550,"[1198, 4993, 2959, 7153, 110, 91529, 260, 33794, 296, 60684]"
551,"[858, 6377, 318, 1, 1198, 79132, 8961, 597, 4886, 74458]"
552,"[260, 858, 4963, 2959, 1210, 48516, 6874, 1291, 30810, 1270]"
553,"[1198, 318, 1617, 356, 6539, 6377, 1193, 608, 2918, 4878]"
554,"[318, 1, 356, 480, 593, 1198, 1580, 110, 1270, 1721]"
555,"[858, 296, 589, 47, 527, 4993, 588, 1721, 1221, 1197]"
556,"[60069, 59315, 58559, 260, 2959, 356, 2571, 4306, 4226, 3147]"
557,"[4226, 1, 2959, 356, 2716, 593, 2115, 1265, 2858, 4993]"
558,"[2858, 1210, 5952, 110, 260, 356, 1196, 457, 1, 589]"
559,"[296, 1196, 110, 1291, 1200, 1214, 858, 2571, 527, 5952]"
560,"[296, 480, 253, 2916, 2028, 2997, 110, 780, 1968, 6377]"
561,"[1210, 1196, 7153, 541, 3578, 1527, 2791, 588, 750, 1201]"
562,"[2997, 1089, 32, 858, 296, 2706, 1732, 260, 4027, 2683]"
563,"[7153, 1198, 858, 527, 4993, 260, 1, 318, 5952, 296]"
564,"[2858, 2959, 1089, 2028, 56367, 2571, 3578, 4878, 5989, 50]"
565,"[593, 296, 110, 34, 527, 223, 364, 588, 480, 733]"
566,"[593, 500, 733, 260, 6, 595, 293, 589, 474, 587]"
567,"[2959, 6874, 6539, 1270, 1136, 2762, 4896, 112852, 2571, 7438]"
568,"[318, 2571, 924, 110, 2959, 32, 235, 457, 223, 47]"
569,"[589, 457, 161, 648, 150, 590, 110, 367, 47, 780]"
570,"[296, 1198, 5952, 593, 72998, 58559, 50, 7153, 2918, 79132]"
571,"[592, 296, 1089, 356, 2762, 480, 1240, 2959, 1073, 1210]"
572,"[1196, 2858, 110, 1097, 2762, 904, 1197, 1089, 47, 1073]"
573,"[457, 1265, 527, 5952, 1270, 2716, 2762, 7361, 8636, 593]"
574,"[296, 356, 1, 592, 32, 110, 457, 10, 19, 165]"
575,"[2858, 1210, 2571, 1196, 356, 858, 260, 1673, 1097, 2997]"
576,"[1198, 2762, 260, 356, 2858, 1291, 1136, 296, 1210, 1193]"
577,"[1036, 296, 457, 589, 7153, 5952, 648, 47, 50, 858]"
578,"[356, 2959, 58559, 296, 1265, 78499, 4993, 1, 318, 588]"
579,"[296, 592, 1704, 588, 32, 648, 165, 377, 380, 1036]"
580,"[58559, 3793, 6539, 1213, 3897, 50872, 7438, 1265, 1222, 4896]"
581,"[356, 593, 1270, 296, 1198, 260, 6539, 54286, 6874, 58559]"
582,"[260, 1198, 296, 318, 2028, 4306, 1270, 293, 356, 72998]"
583,"[1580, 58559, 2291, 6539, 45722, 79132, 4896, 5816, 112852, 2571]"
584,"[356, 292, 318, 161, 10, 780, 11, 2, 47, 95]"
585,"[1213, 50, 318, 1221, 356, 47, 608, 6539, 5989, 260]"
586,"[356, 7153, 10, 5618, 4973, 4306, 8961, 5218, 91529, 1136]"
587,"[1198, 1200, 260, 1291, 1196, 1221, 1387, 608, 2115, 858]"
588,"[32, 480, 648, 260, 1210, 588, 377, 4878, 153, 597]"
589,"[380, 1, 457, 592, 480, 32, 539, 357, 34, 364]"
590,"[356, 4993, 1704, 1282, 1617, 6, 923, 2355, 2746, 1222]"
591,"[2028, 1196, 3147, 1036, 380, 318, 1265, 1270, 6539, 4306]"
592,"[165, 318, 736, 589, 588, 32, 474, 292, 527, 39]"
593,"[296, 924, 541, 2959, 318, 1270, 1198, 4993, 2716, 32]"
594,"[356, 588, 500, 4306, 6539, 260, 293, 296, 7153, 58559]"
595,"[1617, 260, 34, 356, 2797, 1196, 296, 1198, 1, 2028]"
596,"[318, 2571, 8961, 750, 79132, 1732, 59369, 46976, 47, 1080]"
597,"[2571, 527, 608, 924, 750, 858, 6, 296, 1584, 111]"
598,"[356, 5989, 6539, 40815, 260, 4896, 6874, 50872, 7438, 318]"
599,"[1136, 110, 1, 1193, 589, 1213, 1220, 79132, 3421, 2968]"
600,"[4896, 8961, 608, 1193, 1704, 6539, 5989, 8784, 2291, 4878]"
601,"[356, 5952, 1196, 593, 1210, 2028, 1291, 2329, 1270, 8874]"
602,"[50, 32, 1210, 588, 356, 260, 1196, 1270, 595, 1198]"
603,"[858, 608, 912, 318, 4973, 1968, 1136, 1288, 750, 3089]"
604,"[318, 1196, 2571, 50, 2959, 480, 47, 858, 500, 527]"
605,"[6539, 318, 5349, 5418, 2571, 364, 3793, 8961, 44191, 2959]"
606,"[1265, 608, 4963, 356, 593, 1222, 2502, 1288, 1527, 260]"
607,"[589, 377, 356, 3578, 2959, 4993, 1200, 1291, 47, 648]"
608,"[1136, 260, 3147, 5349, 1682, 1197, 780, 5418, 6377, 1198]"
609,"[593, 2959, 47, 223, 1210, 32, 2329, 6874, 3578, 1961]"
610,"[4886, 1221, 1954, 2918, 1517, 1079, 2997, 2858, 2115, 1676]"
